{"cameraMode":{"drawMode":0,"name":"Shaded","section":"Shading Mode"},"sceneLighting":true,"audioPlay":false,"sceneViewState":{"m_AlwaysRefresh":false,"showFog":true,"showSkybox":true,"showFlares":true,"showImageEffects":true,"showParticleSystems":true,"showVisualEffectGraphs":true,"m_FxEnabled":true},"in2DMode":false,"pivot":{"x":2.169811248779297,"y":0.7145529389381409,"z":-3.5153024196624758},"rotation":{"x":-0.008381473831832409,"y":0.9914677739143372,"z":-0.10058947652578354,"w":-0.08257435262203217},"size":49.36732482910156,"orthographic":false}